<scene>

  <image>
    500 500
  </image>

  <sampler type="JitteredSampler">
    <numSamplesU>10</numSamplesU>
    <numSamplesV>10</numSamplesV>
  </sampler>

  <renderer type="BruteForcePathTracer">
    <depthLimit>50</depthLimit>
    <backgroundIllumination>1</backgroundIllumination>
    </renderer>

  <camera>
    <eye>0 0 10</eye>
    <target>0 0 0</target>
    <up>0 1 0</up>
    <yFOV>15</yFOV>
  </camera>

  <material name="white" type="Homogeneous">
    <brdf type="Lambertian">
      <reflectance>0.75 0.75 0.75</reflectance>
    </brdf>
  </material>

   <material name="mirror" type="Mirror">
  </material>

  <material name="light" type="LambertianEmitter">
    <brdf type="Lambertian">
      <reflectance>0.78 0.78 0.78</reflectance>
    </brdf>
    <radiance>60 60 60</radiance>
  </material>

 <!--  <surface type="Mesh">
    <material ref="white" />
    <data>Bayomax_smooth.msh</data>
    <frame>
    1 0 0 0
    0 1 0 200
    0 0 1 0
    </frame>
  </surface> -->

  <surface type="Mesh">
    <material ref="white" />
    <data>horse_0.msh</data>
    <frame>
    0 1 0 0
    0 0 1 -.5
    1 0 0 0
    </frame>
  </surface>

  <surface type="Sphere">
    <material type="LambertianEmitter">
      <radiance>5 5 2</radiance>
    </material>
    <radius>0.8</radius>
     <center>0 2 0</center>
  </surface>

  <background type="Uniform">
    <radiance>0 0 0</radiance>
  </background>

</scene>
